{"generation": {"bleu": 98.45559224536166, "word_error_rate": 1.085972850678733}, "jokes": {"bleu": 99.92967807556576, "word_error_rate": 0.0}, "movie_quotes": {"bleu": 99.96023611178205, "word_error_rate": 0.0}, "news_articles": {"bleu": 100.0, "word_error_rate": 0.0}, "reddit": {"bleu": 99.56114819754049, "word_error_rate": 0.13351134846461948}, "twitter": {"bleu": 93.0339754302866, "word_error_rate": 6.12668743509865}}