{"generation": {"bleu": 99.73732036929957, "word_error_rate": 0.5429864253393665}, "jokes": {"bleu": 99.92967807556576, "word_error_rate": 0.0}, "movie_quotes": {"bleu": 99.96023611178205, "word_error_rate": 0.0}, "news_articles": {"bleu": 100.0, "word_error_rate": 0.0}, "reddit": {"bleu": 99.56114819754049, "word_error_rate": 0.13351134846461948}, "twitter": {"bleu": 99.10648578139816, "word_error_rate": 3.011422637590862}}