{"generation": {"bleu": 99.63658645740338, "word_error_rate": 0.5791855203619909}, "jokes": {"bleu": 99.92967807556576, "word_error_rate": 0.0}, "movie_quotes": {"bleu": 99.96023611178205, "word_error_rate": 0.0}, "news_articles": {"bleu": 100.0, "word_error_rate": 0.0}, "reddit": {"bleu": 99.32933345149537, "word_error_rate": 0.13351134846461948}, "twitter": {"bleu": 98.70757297715615, "word_error_rate": 3.2191069574247146}}