{"generation": {"bleu": 99.54494690605232, "word_error_rate": 0.5972850678733032}, "jokes": {"bleu": 99.92967807556576, "word_error_rate": 0.0}, "movie_quotes": {"bleu": 99.96023611178205, "word_error_rate": 0.0}, "news_articles": {"bleu": 99.94907426863713, "word_error_rate": 0.056593095642331635}, "reddit": {"bleu": 99.56114819754049, "word_error_rate": 0.13351134846461948}, "twitter": {"bleu": 98.2666044793143, "word_error_rate": 3.2191069574247146}}