{"generation": {"bleu": 99.70711775628239, "word_error_rate": 0.7239819004524887}, "jokes": {"bleu": 99.92967807556576, "word_error_rate": 0.0}, "movie_quotes": {"bleu": 99.96023611178205, "word_error_rate": 0.0}, "news_articles": {"bleu": 100.0, "word_error_rate": 0.0}, "reddit": {"bleu": 99.55573268625973, "word_error_rate": 0.4005340453938585}, "twitter": {"bleu": 98.96891696520596, "word_error_rate": 3.8421599169262723}}