{"generation": {"bleu": 99.52760661126767, "word_error_rate": 1.2126696832579185}, "jokes": {"bleu": 99.90533807245264, "word_error_rate": 0.08257638315441783}, "movie_quotes": {"bleu": 99.96023611178205, "word_error_rate": 0.0}, "news_articles": {"bleu": 99.94931771975848, "word_error_rate": 0.11318619128466327}, "reddit": {"bleu": 99.55791835647952, "word_error_rate": 0.13351134846461948}, "twitter": {"bleu": 98.18656691890033, "word_error_rate": 6.5420560747663545}}