{"generation": {"bleu": 99.56281909727085, "word_error_rate": 0.6153846153846154}, "jokes": {"bleu": 99.92967807556576, "word_error_rate": 0.0}, "movie_quotes": {"bleu": 99.96023611178205, "word_error_rate": 0.0}, "news_articles": {"bleu": 100.0, "word_error_rate": 0.0}, "reddit": {"bleu": 99.56114819754049, "word_error_rate": 0.13351134846461948}, "twitter": {"bleu": 98.29816191478412, "word_error_rate": 3.4267912772585665}}