{"generation": {"bleu": 99.62673818162928, "word_error_rate": 0.6237330422579136}, "jokes": {"bleu": 99.26929243317728, "word_error_rate": 1.1162179908076166}, "movie_quotes": {"bleu": 99.64724353658445, "word_error_rate": 0.6276150627615062}, "news_articles": {"bleu": 99.75429717131681, "word_error_rate": 0.3389830508474576}, "reddit": {"bleu": 99.79914605913282, "word_error_rate": 0.29411764705882354}, "twitter": {"bleu": 99.67535396893533, "word_error_rate": 0.6993006993006993}, "female": {"bleu": 99.51526814378572, "word_error_rate": 0.7566204287515763}, "male": {"bleu": 99.73642049158741, "word_error_rate": 0.49367479173094725}}