{"generation": {"bleu": 90.31975001608518, "word_error_rate": 12.396694214876034}, "jokes": {"bleu": 89.70679733560927, "word_error_rate": 13.788575180564674}, "movie_quotes": {"bleu": 86.7256735695818, "word_error_rate": 15.585774058577407}, "news_articles": {"bleu": 93.26988468309497, "word_error_rate": 8.926553672316384}, "reddit": {"bleu": 87.74736628653002, "word_error_rate": 13.431372549019608}, "twitter": {"bleu": 91.03168690955367, "word_error_rate": 12.325174825174825}, "female": {"bleu": 90.85219272342987, "word_error_rate": 12.137452711223203}, "male": {"bleu": 89.79243518373383, "word_error_rate": 12.650416538105521}}