{"generation": {"bleu": 99.27071586576079, "word_error_rate": 1.169499454233588}, "jokes": {"bleu": 99.5248322224743, "word_error_rate": 0.7222586999343401}, "movie_quotes": {"bleu": 99.30074565674441, "word_error_rate": 1.0460251046025104}, "news_articles": {"bleu": 99.62320281496238, "word_error_rate": 0.5084745762711864}, "reddit": {"bleu": 99.33906460947702, "word_error_rate": 1.0784313725490196}, "twitter": {"bleu": 98.26638104383181, "word_error_rate": 2.972027972027972}, "female": {"bleu": 99.0959327323508, "word_error_rate": 1.4186633039092056}, "male": {"bleu": 99.4426482754318, "word_error_rate": 0.9256402344955261}}