{"generation": {"bleu": 99.22162815015797, "word_error_rate": 1.2318727584593794}, "jokes": {"bleu": 99.43172017158733, "word_error_rate": 0.8535784635587657}, "movie_quotes": {"bleu": 99.68217709201255, "word_error_rate": 0.41841004184100417}, "news_articles": {"bleu": 99.62320281496238, "word_error_rate": 0.5084745762711864}, "reddit": {"bleu": 99.23073957638535, "word_error_rate": 1.0784313725490196}, "twitter": {"bleu": 97.73005305725235, "word_error_rate": 3.6713286713286712}, "female": {"bleu": 98.83048580552258, "word_error_rate": 1.7654476670870116}, "male": {"bleu": 99.52048655566264, "word_error_rate": 0.7096575131132367}}