{"generation": {"bleu": 99.31004497009287, "word_error_rate": 1.2474660845158272}, "jokes": {"bleu": 99.5560775246731, "word_error_rate": 0.6565988181221274}, "movie_quotes": {"bleu": 99.6875789266199, "word_error_rate": 0.41841004184100417}, "news_articles": {"bleu": 99.71141352674437, "word_error_rate": 0.39548022598870053}, "reddit": {"bleu": 99.16430949083801, "word_error_rate": 1.1764705882352942}, "twitter": {"bleu": 98.28657246653829, "word_error_rate": 4.108391608391608}, "female": {"bleu": 99.20487910765358, "word_error_rate": 1.4186633039092056}, "male": {"bleu": 99.41357658490574, "word_error_rate": 1.079913606911447}}