{"generation": {"bleu": 99.15688375060225, "word_error_rate": 1.5281459535318884}, "jokes": {"bleu": 99.35623042273612, "word_error_rate": 1.0505581089954037}, "movie_quotes": {"bleu": 99.63745736805134, "word_error_rate": 0.5230125523012552}, "news_articles": {"bleu": 99.66853681930037, "word_error_rate": 0.4519774011299435}, "reddit": {"bleu": 99.49975899636695, "word_error_rate": 0.7843137254901961}, "twitter": {"bleu": 97.42530393679489, "word_error_rate": 5.332167832167832}, "female": {"bleu": 98.91889061151599, "word_error_rate": 1.7654476670870116}, "male": {"bleu": 99.3910836305402, "word_error_rate": 1.2958963282937366}}