{"generation": {"bleu": 99.21425670373385, "word_error_rate": 1.1383128021206923}, "jokes": {"bleu": 99.21540741574766, "word_error_rate": 1.1818778726198294}, "movie_quotes": {"bleu": 99.49371751979379, "word_error_rate": 0.7322175732217573}, "news_articles": {"bleu": 99.71141352674437, "word_error_rate": 0.39548022598870053}, "reddit": {"bleu": 99.62766970297523, "word_error_rate": 0.49019607843137253}, "twitter": {"bleu": 98.00249207220894, "word_error_rate": 3.146853146853147}, "female": {"bleu": 98.9593732228904, "word_error_rate": 1.355611601513241}, "male": {"bleu": 99.46583718968517, "word_error_rate": 0.9256402344955261}}