{"generation": {"bleu": 98.8265822839943, "word_error_rate": 1.4501793232496492}, "jokes": {"bleu": 99.50361929255797, "word_error_rate": 0.7222586999343401}, "movie_quotes": {"bleu": 99.54843274509977, "word_error_rate": 0.6276150627615062}, "news_articles": {"bleu": 99.71141352674437, "word_error_rate": 0.39548022598870053}, "reddit": {"bleu": 99.49930032942571, "word_error_rate": 0.8823529411764706}, "twitter": {"bleu": 95.55542498966834, "word_error_rate": 5.244755244755245}, "female": {"bleu": 98.06358220123684, "word_error_rate": 2.1752837326607817}, "male": {"bleu": 99.57395779870481, "word_error_rate": 0.7405121875964209}}