{"generation": {"bleu": 99.22184120914991, "word_error_rate": 1.2006861063464835}, "jokes": {"bleu": 99.46930230028266, "word_error_rate": 0.7222586999343401}, "movie_quotes": {"bleu": 99.63787686603256, "word_error_rate": 0.5230125523012552}, "news_articles": {"bleu": 99.66853681930037, "word_error_rate": 0.4519774011299435}, "reddit": {"bleu": 99.46211542536248, "word_error_rate": 0.6862745098039216}, "twitter": {"bleu": 97.45453208025506, "word_error_rate": 4.020979020979021}, "female": {"bleu": 98.90829524302536, "word_error_rate": 1.5132408575031526}, "male": {"bleu": 99.50311254121341, "word_error_rate": 0.8947855600123419}}