{"generation": {"bleu": 99.37629131430619, "word_error_rate": 1.0447528457820054}, "jokes": {"bleu": 99.15378595669104, "word_error_rate": 1.3131976362442548}, "movie_quotes": {"bleu": 99.3502172757347, "word_error_rate": 1.0460251046025104}, "news_articles": {"bleu": 99.54453485470141, "word_error_rate": 0.6779661016949152}, "reddit": {"bleu": 99.61359763902854, "word_error_rate": 0.5882352941176471}, "twitter": {"bleu": 99.20103756103616, "word_error_rate": 1.6608391608391608}, "female": {"bleu": 99.27060265142207, "word_error_rate": 1.1979823455233292}, "male": {"bleu": 99.48029437446888, "word_error_rate": 0.8947855600123419}}