{"generation": {"bleu": 99.29561986108973, "word_error_rate": 1.0915328239513489}, "jokes": {"bleu": 99.00916462300067, "word_error_rate": 1.5758371634931057}, "movie_quotes": {"bleu": 98.73629855662153, "word_error_rate": 1.6736401673640167}, "news_articles": {"bleu": 99.27130021344371, "word_error_rate": 1.0169491525423728}, "reddit": {"bleu": 99.79008984628643, "word_error_rate": 0.29411764705882354}, "twitter": {"bleu": 99.57123375448965, "word_error_rate": 0.7867132867132868}, "female": {"bleu": 99.01763511861968, "word_error_rate": 1.5132408575031526}, "male": {"bleu": 99.56919412769103, "word_error_rate": 0.6788028386300524}}